version,tstamp,name,mean,recs_per_sec,stddev,median,user,system,min,max
0.116.0,2023-10-05-19,apply_calcconv,1.49,671141,0.002,1.491,3.306,0.217,1.487,1.492
0.116.0,2023-10-05-19,apply_datefmt,1.561,640615,0.001,1.561,4.334,0.186,1.559,1.562
0.116.0,2023-10-05-19,apply_datefmt_multi,1.943,514668,0.002,1.944,8.568,0.193,1.941,1.944
0.116.0,2023-10-05-19,apply_dynfmt,1.63,613497,0.014,1.622,4.799,0.208,1.62,1.646
0.116.0,2023-10-05-19,apply_emptyreplace,1.38,724638,0.004,1.382,2.134,0.179,1.376,1.384
0.116.0,2023-10-05-19,apply_op_eudex,1.369,730460,0.002,1.37,1.722,0.279,1.366,1.371
0.116.0,2023-10-05-19,apply_op_similarity,1.387,720981,0.003,1.388,1.956,0.215,1.383,1.389
0.116.0,2023-10-05-19,apply_op_string,1.377,726216,0.001,1.377,2.157,0.174,1.376,1.378
0.116.0,2023-10-05-19,behead,0.908,1101322,0.002,0.907,0.852,0.054,0.906,0.91
0.116.0,2023-10-05-19,cat_columns,2.88,347222,0.016,2.872,2.759,0.118,2.869,2.898
0.116.0,2023-10-05-19,cat_rows,1.797,556483,0.004,1.795,1.687,0.108,1.794,1.801
0.116.0,2023-10-05-19,cat_rowskey,3.946,253421,0.097,3.96,3.813,0.131,3.843,4.035
0.116.0,2023-10-05-19,count,0.499,2004008,0.001,0.5,0.45,0.047,0.498,0.5
0.116.0,2023-10-05-19,count_index,0.02,50000000,0,0.02,0.016,0.003,0.02,0.02
0.116.0,2023-10-05-19,count_width,0.498,2008032,0.001,0.498,0.448,0.048,0.497,0.499
0.116.0,2023-10-05-19,count_width_index,0.51,1960784,0.001,0.51,0.459,0.048,0.508,0.511
0.116.0,2023-10-05-19,dedup,1.405,711744,0.002,1.405,3.202,0.158,1.402,1.406
0.116.0,2023-10-05-19,dedup_sorted,1.041,960615,0.006,1.039,0.958,0.135,1.037,1.048
0.116.0,2023-10-05-19,diff,3.03,330033,0.015,3.038,4.58,0.237,3.013,3.04
0.116.0,2023-10-05-19,enum,0.963,1038422,0.003,0.964,0.906,0.055,0.96,0.965
0.116.0,2023-10-05-19,excel,13.096,76359,0.07,13.08,12.567,0.516,13.034,13.172
0.116.0,2023-10-05-19,exclude,0.635,1574803,0.004,0.635,0.586,0.047,0.631,0.639
0.116.0,2023-10-05-19,exclude_index,0.634,1577287,0.002,0.633,0.582,0.049,0.632,0.636
0.116.0,2023-10-05-19,explode,1.67,598802,0.002,1.67,1.605,0.06,1.668,1.671
0.116.0,2023-10-05-19,extdedup,1.063,940734,0.006,1.06,0.96,0.098,1.059,1.07
0.116.0,2023-10-05-19,extsort,0.753,1328021,0.003,0.752,1.299,0.25,0.751,0.756
0.116.0,2023-10-05-19,fill,1.688,592417,0.001,1.688,1.625,0.061,1.687,1.689
0.116.0,2023-10-05-19,fixlengths,1.452,688705,0.002,1.451,1.349,0.099,1.451,1.454
0.116.0,2023-10-05-19,flatten,5.733,174429,0.014,5.729,5.628,0.103,5.722,5.749
0.116.0,2023-10-05-19,flatten_condensed,6.17,162075,0.033,6.184,6.082,0.085,6.132,6.193
0.116.0,2023-10-05-19,fmt,0.917,1090513,0.009,0.92,0.871,0.044,0.908,0.924
0.116.0,2023-10-05-19,frequency,2.701,370233,0.009,2.705,2.612,0.085,2.691,2.707
0.116.0,2023-10-05-19,frequency_index,1.095,913242,0.018,1.099,4.232,0.468,1.075,1.111
0.116.0,2023-10-05-19,frequency_j1,2.696,370920,0.017,2.693,2.608,0.084,2.682,2.714
0.116.0,2023-10-05-19,frequency_selregex,0.815,1226994,0,0.815,0.768,0.044,0.814,0.815
0.116.0,2023-10-05-19,geocode_reverse,3.534,282965,0.01,3.54,3.107,11.561,3.523,3.54
0.116.0,2023-10-05-19,geocode_suggest,4.103,243724,0.023,4.105,19.579,2.958,4.079,4.124
0.116.0,2023-10-05-19,index,0.506,1976285,0,0.506,0.462,0.042,0.506,0.506
0.116.0,2023-10-05-19,input,1.673,597729,0.002,1.674,1.627,0.044,1.671,1.675
0.116.0,2023-10-05-19,join,1.992,502008,0.004,1.995,1.391,0.6,1.987,1.995
0.116.0,2023-10-05-19,joinp,3.025,330579,0.005,3.023,6.086,0.678,3.021,3.031
0.116.0,2023-10-05-19,jsonl,6.134,163026,0.013,6.13,5.918,0.214,6.125,6.149
0.116.0,2023-10-05-19,luau_filter,13.146,76069,0.056,13.146,12.506,0.638,13.09,13.203
0.116.0,2023-10-05-19,luau_filter_no_globals,10.581,94509,0.291,10.439,9.955,0.624,10.388,10.916
0.116.0,2023-10-05-19,luau_multi,48.505,20616,0.116,48.455,47.728,0.775,48.423,48.638
0.116.0,2023-10-05-19,luau_multi_no_globals,45.861,21805,0.083,45.863,45.082,0.777,45.778,45.943
0.116.0,2023-10-05-19,luau_script,54.604,18314,0.041,54.624,53.839,0.763,54.557,54.631
0.116.0,2023-10-05-19,partition,1.089,918274,0.035,1.102,0.901,0.114,1.049,1.115
0.116.0,2023-10-05-19,pseudo,1.764,566893,0.001,1.764,1.708,0.052,1.763,1.764
0.116.0,2023-10-05-19,rename,1.052,950570,0.001,1.051,1.006,0.043,1.051,1.052
0.116.0,2023-10-05-19,replace,2.046,488759,0.004,2.045,1.999,0.045,2.044,2.051
0.116.0,2023-10-05-19,reverse,1.057,946074,0.003,1.058,0.934,0.118,1.054,1.06
0.116.0,2023-10-05-19,safenames,1.052,950570,0.001,1.052,1.007,0.044,1.051,1.054
0.116.0,2023-10-05-19,sample_10,0.57,1754386,0.002,0.569,0.526,0.041,0.569,0.572
0.116.0,2023-10-05-19,sample_1000,0.56,1785714,0.001,0.56,0.518,0.04,0.56,0.561
0.116.0,2023-10-05-19,sample_100000,0.7,1428571,0,0.7,0.651,0.047,0.7,0.701
0.116.0,2023-10-05-19,sample_100000_index,1.174,851789,0.006,1.173,0.194,0.977,1.168,1.18
0.116.0,2023-10-05-19,sample_100000_seeded,0.702,1424501,0.002,0.702,0.652,0.047,0.7,0.704
0.116.0,2023-10-05-19,sample_100000_seeded_faster,0.691,1447178,0.002,0.69,0.641,0.047,0.69,0.693
0.116.0,2023-10-05-19,sample_100000_seeded_index,1.177,849618,0.002,1.178,0.194,0.981,1.175,1.179
0.116.0,2023-10-05-19,sample_100000_seeded_index_faster,1.112,899281,0.002,1.111,0.185,0.925,1.111,1.114
0.116.0,2023-10-05-19,sample_1000_index,0.046,21739130,0,0.046,0.029,0.015,0.046,0.046
0.116.0,2023-10-05-19,sample_10_index,0.033,30303030,0,0.033,0.028,0.004,0.033,0.033
0.116.0,2023-10-05-19,sample_25pct_index,2.891,345901,0.007,2.89,0.447,2.441,2.884,2.899
0.116.0,2023-10-05-19,sample_25pct_seeded_index,2.89,346021,0.002,2.891,0.444,2.444,2.887,2.891
0.116.0,2023-10-05-19,schema,15.481,64595,0.115,15.497,22.914,1.31,15.358,15.587
0.116.0,2023-10-05-19,schema_index,6.265,159617,0.136,6.228,10.183,0.663,6.151,6.416
0.116.0,2023-10-05-19,search,0.647,1545595,0,0.647,0.593,0.051,0.646,0.647
0.116.0,2023-10-05-19,search_unicode,0.645,1550388,0.002,0.645,0.592,0.051,0.643,0.647
0.116.0,2023-10-05-19,searchset,1.774,563698,0.01,1.769,1.668,0.104,1.768,1.785
0.116.0,2023-10-05-19,searchset_ignorecase,1.969,507872,0.002,1.97,1.863,0.104,1.967,1.971
0.116.0,2023-10-05-19,searchset_unicode,1.762,567537,0.005,1.76,1.654,0.105,1.757,1.768
0.116.0,2023-10-05-19,select,0.542,1845018,0.001,0.542,0.491,0.048,0.541,0.543
0.116.0,2023-10-05-19,select_regex,0.584,1712329,0.002,0.583,0.531,0.051,0.583,0.587
0.116.0,2023-10-05-19,slice_one_middle,0.288,3472222,0,0.288,0.259,0.026,0.287,0.288
0.116.0,2023-10-05-19,slice_one_middle_index,0.02,50000000,0,0.02,0.016,0.003,0.02,0.02
0.116.0,2023-10-05-19,snappy_compress,0.161,6211180,0.002,0.161,1.204,0.129,0.159,0.163
0.116.0,2023-10-05-19,snappy_decompress,0.524,1908397,0.001,0.525,0.497,0.025,0.523,0.525
0.116.0,2023-10-05-19,snappy_validate,0.507,1972387,0,0.507,0.48,0.024,0.507,0.507
0.116.0,2023-10-05-19,sort,1.383,723066,0.007,1.386,2.954,0.157,1.374,1.388
0.116.0,2023-10-05-19,sort_random_seeded,1.254,797448,0.008,1.254,1.114,0.133,1.246,1.261
0.116.0,2023-10-05-19,sortcheck_sorted,0.544,1838235,0,0.544,0.494,0.048,0.544,0.545
0.116.0,2023-10-05-19,sortcheck_unsorted,0.02,50000000,0,0.02,0.016,0.003,0.02,0.02
0.116.0,2023-10-05-19,sortcheck_unsorted_all,0.579,1727116,0.002,0.579,0.529,0.049,0.578,0.582
0.116.0,2023-10-05-19,split,1.002,998004,0.002,1.003,0.875,0.101,1,1.003
0.116.0,2023-10-05-19,split_index,0.255,3921569,0.086,0.294,1.112,0.178,0.157,0.315
0.116.0,2023-10-05-19,split_index_j1,1.048,954198,0.002,1.048,0.929,0.103,1.046,1.051
0.116.0,2023-10-05-19,sqlp,2.634,379651,0.009,2.638,3.496,0.453,2.624,2.639
0.116.0,2023-10-05-19,sqlp_format_arrow,2.63,380228,0.016,2.629,3.494,0.46,2.614,2.647
0.116.0,2023-10-05-19,sqlp_format_json,2.646,377929,0.006,2.642,3.494,0.467,2.642,2.653
0.116.0,2023-10-05-19,sqlp_format_parquet,2.653,376932,0.006,2.654,3.5,0.482,2.647,2.659
0.116.0,2023-10-05-19,sqlp_format_parquet_statistics,2.664,375375,0.026,2.649,3.52,0.472,2.649,2.694
0.116.0,2023-10-05-19,sqlp_lowmemory,2.629,380373,0.005,2.626,3.426,0.23,2.626,2.634
0.116.0,2023-10-05-19,sqlp_nooptimizations,2.628,380518,0.003,2.626,3.506,0.466,2.626,2.632
0.116.0,2023-10-05-19,sqlp_tryparsedates,61.535,16251,0.155,61.447,61.322,0.22,61.443,61.714
0.116.0,2023-10-05-19,sqlp_tryparsedates_inferlen,0.651,1536098,0.001,0.651,0.642,0.016,0.649,0.651
0.116.0,2023-10-05-19,stats,2.106,474834,0.003,2.105,2.021,0.085,2.103,2.11
0.116.0,2023-10-05-19,stats_create_cache,2.107,474608,0.004,2.108,2.021,0.086,2.102,2.109
0.116.0,2023-10-05-19,stats_everything,3.732,267953,0.013,3.724,10.54,0.483,3.724,3.747
0.116.0,2023-10-05-19,stats_everything_create_cache,5.551,180148,0.062,5.52,12.165,0.722,5.51,5.622
0.116.0,2023-10-05-19,stats_everything_index,1.418,705219,0.008,1.42,10.703,0.629,1.409,1.424
0.116.0,2023-10-05-19,stats_everything_index_j1,6.486,154178,0.076,6.456,6.503,0.269,6.428,6.572
0.116.0,2023-10-05-19,stats_everything_index_j1_with_cache,0.02,50000000,0,0.02,0.016,0.003,0.02,0.02
0.116.0,2023-10-05-19,stats_everything_index_with_cache,0.02,50000000,0,0.02,0.016,0.003,0.02,0.02
0.116.0,2023-10-05-19,stats_everything_infer_dates,7.962,125597,0.085,7.948,15.093,0.584,7.884,8.053
0.116.0,2023-10-05-19,stats_everything_infer_dates_index,1.987,503271,0.013,1.992,17.767,0.634,1.973,1.997
0.116.0,2023-10-05-19,stats_everything_infer_dates_index_with_cache,0.02,50000000,0,0.02,0.016,0.003,0.02,0.02
0.116.0,2023-10-05-19,stats_everything_j1,7.248,137969,0.332,7.148,7.135,0.393,6.977,7.619
0.116.0,2023-10-05-19,stats_index,0.208,4807692,0.004,0.21,1.983,0.066,0.204,0.211
0.116.0,2023-10-05-19,stats_index_j1,1.619,617665,0.002,1.618,1.573,0.043,1.617,1.621
0.116.0,2023-10-05-19,stats_index_j1_with_cache,0.02,50000000,0,0.02,0.016,0.003,0.02,0.02
0.116.0,2023-10-05-19,stats_index_with_cache,0.02,50000000,0,0.02,0.016,0.003,0.02,0.02
0.116.0,2023-10-05-19,table,7.336,136314,0.015,7.341,6.356,0.974,7.319,7.347
0.116.0,2023-10-05-19,to_datapackage,0.749,1335113,0.008,0.75,2.106,0.334,0.74,0.756
0.116.0,2023-10-05-19,to_parquet,2.233,447828,0.121,2.3,10.41,0.782,2.093,2.305
0.116.0,2023-10-05-19,to_sqlite,0.748,1336898,0.001,0.749,2.108,0.332,0.747,0.749
0.116.0,2023-10-05-19,to_xlsx,32.922,30375,0.078,32.892,31.157,3.298,32.864,33.01
0.116.0,2023-10-05-19,tojsonl,10.183,98203,0.054,10.178,18.021,0.834,10.132,10.24
0.116.0,2023-10-05-19,tojsonl_index,9.574,104450,0.016,9.578,21.13,1.141,9.556,9.587
0.116.0,2023-10-05-19,tojsonl_index_j1,17.882,55922,0.131,17.947,17.204,0.673,17.731,17.968
0.116.0,2023-10-05-19,tojsonl_j1,16.482,60672,0.152,16.56,15.836,0.641,16.307,16.58
0.116.0,2023-10-05-19,transpose,2.704,369822,0.01,2.71,2.455,0.24,2.693,2.71
0.116.0,2023-10-05-19,transpose_multipass,22.675,44101,0.125,22.667,20.79,1.88,22.555,22.805
0.116.0,2023-10-05-19,validate,1.73,578035,0.002,1.729,8.497,0.123,1.729,1.732
0.116.0,2023-10-05-19,validate_index,1.733,577034,0.003,1.732,8.492,0.126,1.73,1.736
0.116.0,2023-10-05-19,validate_no_schema,0.589,1697793,0.001,0.589,0.538,0.049,0.588,0.59
0.116.0,2023-10-05-19,validate_no_schema_index,0.588,1700680,0,0.588,0.538,0.048,0.588,0.588
0.115.0,2023-09-26-10,apply_calcconv,1.503,665174,0.002,1.503,3.297,0.233,1.502,1.505
0.115.0,2023-09-26-10,apply_datefmt,1.585,630946,0.001,1.585,4.363,0.197,1.584,1.586
0.115.0,2023-09-26-10,apply_datefmt_multi,1.979,505234,0.002,1.98,8.742,0.204,1.977,1.98
0.115.0,2023-09-26-10,apply_dynfmt,1.636,611295,0.001,1.636,4.785,0.221,1.635,1.637
0.115.0,2023-09-26-10,apply_emptyreplace,1.398,715105,0.002,1.398,2.183,0.187,1.397,1.4
0.115.0,2023-09-26-10,apply_op_eudex,1.386,721531,0.005,1.388,1.728,0.322,1.38,1.39
0.115.0,2023-09-26-10,apply_op_similarity,1.426,701093,0.024,1.418,2.046,0.222,1.407,1.454
0.115.0,2023-09-26-10,apply_op_string,1.4,714183,0.001,1.4,2.202,0.185,1.399,1.401
0.115.0,2023-09-26-10,behead,0.924,1082378,0.019,0.916,0.86,0.062,0.91,0.946
0.115.0,2023-09-26-10,cat_columns,2.975,336128,0.016,2.982,2.824,0.148,2.957,2.986
0.115.0,2023-09-26-10,cat_rows,1.815,551064,0.008,1.81,1.688,0.125,1.81,1.824
0.115.0,2023-09-26-10,cat_rowskey,5.223,191445,0.077,5.213,5.068,0.153,5.152,5.305
0.115.0,2023-09-26-10,count,0.487,2054942,0.001,0.487,0.434,0.05,0.486,0.487
0.115.0,2023-09-26-10,count_index,0.012,81800194,0,0.012,0.01,0.001,0.012,0.013
0.115.0,2023-09-26-10,dedup,1.418,705217,0.034,1.402,3.206,0.148,1.395,1.457
0.115.0,2023-09-26-10,dedup_sorted,1.028,973233,0.006,1.025,0.947,0.122,1.023,1.035
0.115.0,2023-09-26-10,diff,3.104,322117,0.022,3.093,4.644,0.213,3.091,3.13
0.115.0,2023-09-26-10,enum,0.949,1054053,0.001,0.949,0.879,0.068,0.947,0.95
0.115.0,2023-09-26-10,excel,13.219,75651,0.514,12.925,12.527,0.442,12.919,13.812
0.115.0,2023-09-26-10,exclude,0.636,1571327,0.01,0.633,0.573,0.062,0.629,0.647
0.115.0,2023-09-26-10,exclude_index,0.64,1563437,0.002,0.64,0.576,0.061,0.638,0.641
0.115.0,2023-09-26-10,explode,1.693,590724,0.004,1.695,1.612,0.079,1.688,1.695
0.115.0,2023-09-26-10,extdedup,1.094,913976,0.015,1.089,0.993,0.098,1.082,1.112
0.115.0,2023-09-26-10,extsort,0.753,1327852,0.007,0.75,1.295,0.243,0.749,0.761
0.115.0,2023-09-26-10,fill,1.685,593329,0.001,1.685,1.603,0.08,1.684,1.687
0.115.0,2023-09-26-10,fixlengths,1.453,688098,0.004,1.455,1.327,0.124,1.448,1.456
0.115.0,2023-09-26-10,flatten,5.798,172478,0.045,5.817,5.685,0.111,5.746,5.83
0.115.0,2023-09-26-10,flatten_condensed,6.593,151680,0.295,6.674,6.295,0.125,6.265,6.839
0.115.0,2023-09-26-10,fmt,0.917,1090765,0.003,0.917,0.853,0.062,0.914,0.919
0.115.0,2023-09-26-10,frequency,2.828,353622,0.018,2.818,2.705,0.12,2.817,2.848
0.115.0,2023-09-26-10,frequency_index,1.24,806769,0.031,1.245,4.39,0.524,1.207,1.267
0.115.0,2023-09-26-10,frequency_j1,2.658,376221,0.011,2.661,2.561,0.094,2.646,2.667
0.115.0,2023-09-26-10,frequency_selregex,0.819,1221349,0.023,0.807,0.758,0.059,0.805,0.845
0.115.0,2023-09-26-10,geocode_reverse,4.011,249336,0.519,3.806,3.311,11.937,3.625,4.6
0.115.0,2023-09-26-10,geocode_suggest,4.174,239582,0.018,4.173,19.942,3.244,4.156,4.193
0.115.0,2023-09-26-10,index,0.505,1979878,0.007,0.505,0.441,0.06,0.498,0.512
0.115.0,2023-09-26-10,input,1.654,604565,0.004,1.655,1.584,0.069,1.65,1.657
0.115.0,2023-09-26-10,join,1.99,502433,0.002,1.99,1.356,0.632,1.989,1.992
0.115.0,2023-09-26-10,joinp,3.003,332968,0.005,3.002,6.15,0.714,2.999,3.009
0.115.0,2023-09-26-10,jsonl,8.28,120770,0.01,8.286,7.955,0.323,8.268,8.286
0.115.0,2023-09-26-10,luau_filter,14.831,67427,0.085,14.828,14.05,0.779,14.748,14.917
0.115.0,2023-09-26-10,luau_multi,50.572,19774,0.791,50.448,49.093,0.984,49.85,51.418
0.115.0,2023-09-26-10,luau_script,56.896,17576,0.596,56.702,55.372,1.34,56.422,57.565
0.115.0,2023-09-26-10,partition,1.073,931711,0.03,1.075,0.881,0.148,1.042,1.102
0.115.0,2023-09-26-10,pseudo,1.822,548810,0.012,1.818,1.721,0.098,1.812,1.836
0.115.0,2023-09-26-10,rename,1.081,925319,0.002,1.082,0.995,0.084,1.078,1.082
0.115.0,2023-09-26-10,replace,2.46,406579,0.065,2.466,2.358,0.098,2.391,2.521
0.115.0,2023-09-26-10,reverse,1.06,943762,0.005,1.061,0.917,0.136,1.054,1.063
0.115.0,2023-09-26-10,safenames,1.081,924778,0.009,1.078,0.995,0.085,1.075,1.091
0.115.0,2023-09-26-10,sample_10,0.563,1775895,0.002,0.564,0.504,0.057,0.561,0.564
0.115.0,2023-09-26-10,sample_1000,0.573,1745041,0.029,0.56,0.504,0.06,0.553,0.606
0.115.0,2023-09-26-10,sample_100000,0.834,1198948,0.09,0.787,0.719,0.079,0.778,0.938
0.115.0,2023-09-26-10,sample_100000_index,0.463,2159848,0.008,0.466,0.184,0.277,0.454,0.469
0.115.0,2023-09-26-10,sample_100000_seeded,0.802,1247658,0.037,0.814,0.711,0.076,0.76,0.83
0.115.0,2023-09-26-10,sample_100000_seeded_faster,0.84,1190811,0.054,0.825,0.72,0.082,0.795,0.899
0.115.0,2023-09-26-10,sample_100000_seeded_index,0.467,2141130,0.001,0.466,0.183,0.282,0.466,0.469
0.115.0,2023-09-26-10,sample_100000_seeded_index_faster,0.45,2222366,0.007,0.447,0.175,0.273,0.445,0.458
0.115.0,2023-09-26-10,sample_1000_index,0.031,32379396,0,0.031,0.023,0.006,0.03,0.031
0.115.0,2023-09-26-10,sample_10_index,0.025,39649436,0,0.025,0.021,0.002,0.025,0.025
0.115.0,2023-09-26-10,sample_25pct_index,1.138,878929,0.004,1.136,0.43,0.701,1.135,1.142
0.115.0,2023-09-26-10,sample_25pct_seeded_index,1.136,880308,0.009,1.138,0.428,0.705,1.126,1.144
0.115.0,2023-09-26-10,schema,6.133,163060,0.051,6.152,8.627,0.586,6.075,6.171
0.115.0,2023-09-26-10,schema_index,8.436,118542,0.012,8.437,14.354,1.205,8.423,8.447
0.115.0,2023-09-26-10,search,0.648,1542297,0.006,0.649,0.587,0.057,0.643,0.654
0.115.0,2023-09-26-10,search_unicode,0.654,1528578,0.006,0.651,0.589,0.062,0.65,0.661
0.115.0,2023-09-26-10,searchset,1.825,547931,0.017,1.829,1.705,0.115,1.806,1.84
0.115.0,2023-09-26-10,searchset_ignorecase,1.995,501262,0.005,1.997,1.864,0.127,1.99,1.999
0.115.0,2023-09-26-10,searchset_unicode,1.818,550161,0.003,1.817,1.691,0.122,1.815,1.821
0.115.0,2023-09-26-10,select,0.539,1856738,0.002,0.539,0.477,0.059,0.537,0.54
0.115.0,2023-09-26-10,select_regex,0.577,1732534,0.003,0.578,0.515,0.06,0.574,0.58
0.115.0,2023-09-26-10,slice_one_middle,0.286,3495081,0.002,0.286,0.254,0.03,0.284,0.288
0.115.0,2023-09-26-10,slice_one_middle_index,0.012,85413674,0,0.012,0.01,0.001,0.012,0.012
0.115.0,2023-09-26-10,snappy_compress,0.163,6130440,0.004,0.163,1.182,0.154,0.159,0.167
0.115.0,2023-09-26-10,snappy_decompress,0.535,1869270,0.003,0.535,0.494,0.039,0.532,0.538
0.115.0,2023-09-26-10,snappy_validate,0.511,1956922,0.001,0.511,0.476,0.033,0.51,0.513
0.115.0,2023-09-26-10,sort,1.44,694566,0.004,1.441,2.92,0.2,1.436,1.443
0.115.0,2023-09-26-10,sort_random_seeded,1.283,779246,0.021,1.278,1.122,0.153,1.265,1.306
0.115.0,2023-09-26-10,sortcheck_sorted,0.541,1849597,0.002,0.541,0.48,0.058,0.539,0.542
0.115.0,2023-09-26-10,sortcheck_unsorted,0.012,85798128,0,0.012,0.01,0.001,0.011,0.012
0.115.0,2023-09-26-10,sortcheck_unsorted_all,0.576,1737257,0.003,0.576,0.514,0.059,0.572,0.578
0.115.0,2023-09-26-10,split,1.016,984680,0.011,1.021,0.873,0.128,1.002,1.023
0.115.0,2023-09-26-10,split_index,0.21,4765360,0.073,0.17,1.067,0.275,0.165,0.294
0.115.0,2023-09-26-10,split_index_j1,1.075,930090,0.012,1.08,0.935,0.129,1.061,1.085
0.115.0,2023-09-26-10,sqlp,2.692,371415,0.002,2.692,3.503,0.485,2.691,2.694
0.115.0,2023-09-26-10,sqlp_format_arrow,2.696,370892,0.013,2.697,3.496,0.492,2.683,2.709
0.115.0,2023-09-26-10,sqlp_format_json,2.706,369517,0.011,2.706,3.491,0.47,2.696,2.717
0.115.0,2023-09-26-10,sqlp_format_parquet,2.703,369913,0.007,2.706,3.485,0.469,2.695,2.709
0.115.0,2023-09-26-10,sqlp_format_parquet_statistics,2.71,368962,0.006,2.711,3.491,0.48,2.704,2.716
0.115.0,2023-09-26-10,sqlp_lowmemory,2.67,374495,0.008,2.67,3.421,0.211,2.662,2.679
0.115.0,2023-09-26-10,sqlp_nooptimizations,2.683,372731,0.007,2.684,3.485,0.446,2.675,2.69
0.115.0,2023-09-26-10,sqlp_tryparsedates,63.847,15663,0.227,63.804,63.055,0.763,63.644,64.092
0.115.0,2023-09-26-10,sqlp_tryparsedates_inferlen,0.667,1499971,0.001,0.666,0.654,0.019,0.666,0.668
0.115.0,2023-09-26-10,stats,2.157,463536,0.006,2.159,2.022,0.135,2.15,2.162
0.115.0,2023-09-26-10,stats_create_cache,2.159,463089,0.003,2.159,2.024,0.135,2.157,2.162
0.115.0,2023-09-26-10,stats_everything,3.808,262625,0.006,3.807,10.257,0.529,3.802,3.814
0.115.0,2023-09-26-10,stats_everything_create_cache,5.731,174504,0.121,5.694,11.944,0.799,5.632,5.865
0.115.0,2023-09-26-10,stats_everything_index,1.541,648819,0.038,1.525,10.585,0.85,1.514,1.585
0.115.0,2023-09-26-10,stats_everything_index_j1,6.86,145780,0.039,6.838,6.846,0.314,6.837,6.904
0.115.0,2023-09-26-10,stats_everything_index_j1_with_cache,0.013,74486787,0.001,0.013,0.01,0.002,0.013,0.015
0.115.0,2023-09-26-10,stats_everything_index_with_cache,0.012,83975445,0,0.012,0.01,0.001,0.012,0.012
0.115.0,2023-09-26-10,stats_everything_infer_dates,8.159,122569,0.048,8.137,14.898,0.697,8.125,8.214
0.115.0,2023-09-26-10,stats_everything_infer_dates_index,2.141,467133,0.018,2.133,17.359,0.895,2.128,2.161
0.115.0,2023-09-26-10,stats_everything_infer_dates_index_with_cache,0.012,81829002,0,0.012,0.01,0.001,0.012,0.013
0.115.0,2023-09-26-10,stats_everything_j1,7.354,135987,0.027,7.35,7.22,0.438,7.328,7.383
0.115.0,2023-09-26-10,stats_index,0.233,4284373,0.008,0.231,1.902,0.122,0.227,0.242
0.115.0,2023-09-26-10,stats_index_j1,1.664,601104,0.001,1.664,1.606,0.055,1.663,1.664
0.115.0,2023-09-26-10,stats_index_j1_with_cache,0.012,83573356,0,0.012,0.01,0.001,0.012,0.012
0.115.0,2023-09-26-10,stats_index_with_cache,0.013,78542295,0.001,0.013,0.01,0.002,0.012,0.013
0.115.0,2023-09-26-10,table,7.55,132452,0.015,7.548,6.4,1.138,7.535,7.566
0.115.0,2023-09-26-10,to_datapackage,0.735,1359709,0.005,0.736,2.023,0.296,0.73,0.74
0.115.0,2023-09-26-10,to_parquet,16.409,60943,0.066,16.38,17.172,0.802,16.363,16.484
0.115.0,2023-09-26-10,to_sqlite,0.73,1369754,0.006,0.732,2.019,0.286,0.723,0.735
0.115.0,2023-09-26-10,to_xlsx,33.363,29974,0.125,33.393,31.221,3.635,33.225,33.47
0.115.0,2023-09-26-10,tojsonl,14.321,69827,0.068,14.333,16.531,0.851,14.248,14.382
0.115.0,2023-09-26-10,tojsonl_index,13.59,73582,0.054,13.582,19.559,1.252,13.541,13.648
0.115.0,2023-09-26-10,transpose,2.79,358440,0.005,2.787,2.488,0.297,2.787,2.795
0.115.0,2023-09-26-10,transpose_multipass,23.188,43126,0.035,23.171,20.72,2.448,23.165,23.228
0.115.0,2023-09-26-10,validate,2.173,460126,0.006,2.173,11.734,0.187,2.168,2.179
0.115.0,2023-09-26-10,validate_index,2.171,460558,0.003,2.172,11.718,0.188,2.168,2.174
0.115.0,2023-09-26-10,validate_no_schema,0.594,1682846,0.002,0.595,0.532,0.06,0.592,0.595
0.115.0,2023-09-26-10,validate_no_schema_index,0.593,1687474,0,0.593,0.531,0.059,0.592,0.593
0.114.0,2023-09-21-07,apply_calcconv,1.519,658202,0.001,1.52,3.326,0.234,1.518,1.52
0.114.0,2023-09-21-07,apply_datefmt,1.599,625443,0.005,1.601,4.356,0.2,1.594,1.602
0.114.0,2023-09-21-07,apply_datefmt_multi,1.996,501089,0.002,1.996,8.732,0.212,1.994,1.997
0.114.0,2023-09-21-07,apply_dynfmt,1.64,609843,0.003,1.64,4.784,0.218,1.637,1.642
0.114.0,2023-09-21-07,apply_emptyreplace,1.406,711082,0.004,1.407,2.183,0.19,1.402,1.409
0.114.0,2023-09-21-07,apply_op_eudex,1.398,715149,0.005,1.4,1.739,0.323,1.393,1.402
0.114.0,2023-09-21-07,apply_op_similarity,1.414,707054,0.001,1.414,2.077,0.228,1.414,1.415
0.114.0,2023-09-21-07,apply_op_string,1.406,711093,0.001,1.406,2.206,0.187,1.406,1.407
0.114.0,2023-09-21-07,behead,0.936,1068871,0.003,0.935,0.865,0.07,0.934,0.938
0.114.0,2023-09-21-07,cat_columns,2.989,334579,0.036,2.97,2.833,0.154,2.966,3.031
0.114.0,2023-09-21-07,cat_rows,1.86,537762,0.009,1.863,1.715,0.143,1.85,1.866
0.114.0,2023-09-21-07,cat_rowskey,5.387,185647,0.04,5.403,5.181,0.202,5.341,5.415
0.114.0,2023-09-21-07,count,0.499,2002129,0.001,0.5,0.442,0.057,0.499,0.5
0.114.0,2023-09-21-07,count_index,0.011,87148550,0,0.011,0.01,0.001,0.011,0.012
0.114.0,2023-09-21-07,dedup,1.452,688634,0.09,1.405,3.218,0.155,1.395,1.556
0.114.0,2023-09-21-07,dedup_sorted,1.781,561495,0.915,1.295,1.066,0.234,1.211,2.836
0.114.0,2023-09-21-07,diff,3.128,319698,0.009,3.132,4.668,0.226,3.118,3.134
0.114.0,2023-09-21-07,enum,0.958,1044208,0.004,0.956,0.884,0.073,0.955,0.962
0.114.0,2023-09-21-07,excel,12.895,77548,0.042,12.887,12.466,0.424,12.858,12.941
0.114.0,2023-09-21-07,exclude,0.628,1592715,0.007,0.624,0.57,0.057,0.624,0.636
0.114.0,2023-09-21-07,exclude_index,0.631,1585249,0.001,0.63,0.571,0.058,0.63,0.632
0.114.0,2023-09-21-07,explode,1.694,590332,0.013,1.687,1.606,0.087,1.686,1.709
0.114.0,2023-09-21-07,extdedup,1.083,923308,0.001,1.083,0.987,0.094,1.082,1.084
0.114.0,2023-09-21-07,extsort,0.747,1339433,0.014,0.74,1.318,0.244,0.738,0.762
0.114.0,2023-09-21-07,fill,1.696,589613,0.004,1.696,1.614,0.081,1.692,1.7
0.114.0,2023-09-21-07,fixlengths,1.458,685961,0.002,1.458,1.335,0.121,1.456,1.46
0.114.0,2023-09-21-07,flatten,5.806,172243,0.008,5.81,5.69,0.115,5.797,5.811
0.114.0,2023-09-21-07,flatten_condensed,6.782,147453,1.076,6.221,6.088,0.123,6.102,8.022
0.114.0,2023-09-21-07,fmt,0.913,1095261,0.01,0.908,0.849,0.063,0.907,0.924
0.114.0,2023-09-21-07,frequency,2.669,374639,0.021,2.678,2.57,0.097,2.645,2.684
0.114.0,2023-09-21-07,frequency_index,1.1,908786,0.019,1.097,4.306,0.516,1.084,1.121
0.114.0,2023-09-21-07,frequency_j1,2.653,376984,0.014,2.648,2.549,0.101,2.642,2.668
0.114.0,2023-09-21-07,frequency_selregex,0.794,1258856,0.001,0.794,0.74,0.053,0.793,0.796
0.114.0,2023-09-21-07,geocode_reverse,3.607,277248,0.004,3.606,3.146,12.204,3.604,3.611
0.114.0,2023-09-21-07,geocode_suggest,4.112,243178,0.045,4.095,19.519,3.208,4.078,4.164
0.114.0,2023-09-21-07,index,0.503,1989719,0.003,0.503,0.446,0.055,0.5,0.505
0.114.0,2023-09-21-07,input,1.699,588644,0.013,1.693,1.612,0.086,1.69,1.713
0.114.0,2023-09-21-07,join,2.019,495291,0.001,2.019,1.386,0.632,2.018,2.021
0.114.0,2023-09-21-07,joinp,3.046,328259,0.01,3.047,6.215,0.683,3.036,3.056
0.114.0,2023-09-21-07,jsonl,8.417,118807,0.013,8.424,8.158,0.258,8.402,8.425
0.114.0,2023-09-21-07,luau,16.468,60725,0.049,16.475,15.744,0.723,16.416,16.512
0.114.0,2023-09-21-07,partition,1.111,900325,0.055,1.135,0.901,0.138,1.047,1.15
0.114.0,2023-09-21-07,pseudo,1.804,554334,0.014,1.801,1.719,0.084,1.792,1.819
0.114.0,2023-09-21-07,rename,1.08,926340,0.013,1.073,0.996,0.083,1.071,1.094
0.114.0,2023-09-21-07,replace,2.388,418694,0.011,2.383,2.299,0.089,2.381,2.4
0.114.0,2023-09-21-07,reverse,1.066,938267,0.004,1.064,0.932,0.13,1.064,1.07
0.114.0,2023-09-21-07,safenames,1.08,925867,0.005,1.081,0.995,0.084,1.074,1.085
0.114.0,2023-09-21-07,sample_10,0.567,1762719,0,0.567,0.513,0.054,0.567,0.568
0.114.0,2023-09-21-07,sample_1000,0.561,1782660,0.004,0.559,0.505,0.055,0.558,0.566
0.114.0,2023-09-21-07,sample_100000,0.697,1435471,0.002,0.697,0.639,0.056,0.695,0.698
0.114.0,2023-09-21-07,sample_100000_index,0.448,2234386,0.001,0.447,0.181,0.265,0.447,0.449
0.114.0,2023-09-21-07,sample_100000_seeded,0.698,1432745,0.004,0.696,0.639,0.057,0.695,0.702
0.114.0,2023-09-21-07,sample_100000_seeded_faster,0.683,1463595,0,0.683,0.626,0.056,0.683,0.683
0.114.0,2023-09-21-07,sample_100000_seeded_index,0.462,2166546,0.012,0.457,0.183,0.277,0.453,0.475
0.114.0,2023-09-21-07,sample_100000_seeded_index_faster,0.431,2322295,0.002,0.43,0.172,0.257,0.429,0.433
0.114.0,2023-09-21-07,sample_1000_index,0.029,34601594,0,0.029,0.023,0.005,0.029,0.029
0.114.0,2023-09-21-07,sample_10_index,0.024,41074953,0,0.024,0.021,0.002,0.024,0.025
0.114.0,2023-09-21-07,sample_25pct_index,1.092,915834,0.006,1.095,0.425,0.665,1.085,1.096
0.114.0,2023-09-21-07,sample_25pct_seeded_index,1.096,912596,0.01,1.094,0.425,0.669,1.087,1.106
0.114.0,2023-09-21-07,schema,5.958,167847,0.03,5.947,8.676,0.475,5.935,5.992
0.114.0,2023-09-21-07,schema_index,8.167,122446,0.044,8.172,14.291,1.175,8.12,8.208
0.114.0,2023-09-21-07,search,0.636,1573110,0.001,0.636,0.579,0.055,0.635,0.636
0.114.0,2023-09-21-07,search_unicode,0.637,1570676,0.002,0.636,0.58,0.055,0.635,0.639
0.114.0,2023-09-21-07,searchset,1.804,554415,0.006,1.806,1.672,0.131,1.796,1.808
0.114.0,2023-09-21-07,searchset_ignorecase,1.968,508019,0.003,1.968,1.839,0.128,1.966,1.971
0.114.0,2023-09-21-07,searchset_unicode,1.806,553560,0.009,1.81,1.676,0.129,1.796,1.813
0.114.0,2023-09-21-07,select,0.531,1882568,0,0.531,0.476,0.054,0.531,0.531
0.114.0,2023-09-21-07,select_regex,0.567,1764620,0.001,0.566,0.511,0.055,0.566,0.568
0.114.0,2023-09-21-07,slice_one_middle,0.281,3561574,0.005,0.278,0.25,0.03,0.277,0.287
0.114.0,2023-09-21-07,slice_one_middle_index,0.012,86720748,0,0.011,0.01,0.001,0.011,0.012
0.114.0,2023-09-21-07,snappy_compress,0.158,6313180,0.007,0.161,1.34,0.149,0.15,0.164
0.114.0,2023-09-21-07,snappy_decompress,0.531,1882317,0.007,0.529,0.491,0.039,0.526,0.539
0.114.0,2023-09-21-07,snappy_validate,0.509,1964703,0.001,0.509,0.475,0.033,0.508,0.51
0.114.0,2023-09-21-07,sort,1.373,728574,0.002,1.373,2.939,0.15,1.371,1.374
0.114.0,2023-09-21-07,sort_random_seeded,1.241,805539,0.024,1.23,1.11,0.125,1.225,1.269
0.114.0,2023-09-21-07,sortcheck_sorted,0.535,1868460,0.005,0.532,0.477,0.057,0.532,0.541
0.114.0,2023-09-21-07,sortcheck_unsorted,0.011,90059546,0,0.011,0.01,0.001,0.011,0.011
0.114.0,2023-09-21-07,sortcheck_unsorted_all,1.173,852802,0,1.173,1.073,0.097,1.173,1.173
0.114.0,2023-09-21-07,split,2.019,495222,0.015,2.021,1.822,0.189,2.003,2.033
0.114.0,2023-09-21-07,split_index,0.194,5164854,0.032,0.205,1.059,0.274,0.158,0.218
0.114.0,2023-09-21-07,split_index_j1,1.073,931958,0.013,1.074,0.939,0.128,1.06,1.085
0.114.0,2023-09-21-07,sqlp,5.43,184147,0.012,5.427,7.031,0.648,5.421,5.443
0.114.0,2023-09-21-07,sqlp_format_arrow,2.736,365460,0.062,2.725,3.556,0.459,2.681,2.803
0.114.0,2023-09-21-07,sqlp_format_json,2.672,374277,0.008,2.667,3.519,0.453,2.667,2.681
0.114.0,2023-09-21-07,sqlp_format_parquet,2.674,373969,0.006,2.672,3.521,0.466,2.669,2.681
0.114.0,2023-09-21-07,sqlp_format_parquet_statistics,2.711,368807,0.055,2.681,3.536,0.472,2.678,2.775
0.114.0,2023-09-21-07,sqlp_lowmemory,2.654,376792,0.002,2.654,3.452,0.226,2.652,2.656
0.114.0,2023-09-21-07,sqlp_nooptimizations,2.674,373981,0.021,2.664,3.524,0.446,2.659,2.698
0.114.0,2023-09-21-07,sqlp_tryparsedates,63.77,15681,0.173,63.867,63.086,0.687,63.569,63.872
0.114.0,2023-09-21-07,sqlp_tryparsedates_inferlen,0.664,1505642,0.006,0.664,0.652,0.021,0.658,0.67
0.114.0,2023-09-21-07,stats,2.177,459311,0.018,2.169,2.03,0.149,2.164,2.198
0.114.0,2023-09-21-07,stats_everything,5.626,177747,0.115,5.617,12.336,0.756,5.515,5.745
0.114.0,2023-09-21-07,stats_everything_index,3.419,292487,0.045,3.414,12.507,0.933,3.377,3.466
0.114.0,2023-09-21-07,stats_everything_index_j1,8.525,117301,0.124,8.548,8.247,0.496,8.392,8.636
0.114.0,2023-09-21-07,stats_everything_infer_dates,9.844,101582,0.088,9.867,16.759,0.875,9.747,9.918
0.114.0,2023-09-21-07,stats_everything_infer_dates_index,3.932,254327,0.105,3.92,19.365,0.946,3.834,4.042
0.114.0,2023-09-21-07,stats_everything_j1,9.742,102650,0.169,9.767,9.313,0.659,9.562,9.897
0.114.0,2023-09-21-07,stats_index,0.219,4558509,0.005,0.218,1.981,0.123,0.215,0.225
0.114.0,2023-09-21-07,stats_index_j1,1.646,607547,0.003,1.646,1.584,0.061,1.643,1.648
0.114.0,2023-09-21-07,table,7.388,135356,0.03,7.387,6.313,1.067,7.359,7.418
0.114.0,2023-09-21-07,to_datapackage,0.733,1364150,0.001,0.733,2.097,0.338,0.732,0.734
0.114.0,2023-09-21-07,to_parquet,16.05,62304,0.063,16.075,16.973,0.803,15.979,16.097
0.114.0,2023-09-21-07,to_sqlite,0.73,1369646,0.002,0.731,2.108,0.34,0.728,0.731
0.114.0,2023-09-21-07,to_xlsx,33.287,30042,0.065,33.268,31.24,3.701,33.234,33.36
0.114.0,2023-09-21-07,tojsonl,13.943,71722,0.096,13.927,16.358,0.821,13.855,14.046
0.114.0,2023-09-21-07,tojsonl_index,13.318,75087,0.252,13.257,19.433,1.216,13.102,13.595
0.114.0,2023-09-21-07,transpose,2.743,364615,0.006,2.74,2.479,0.254,2.738,2.75
0.114.0,2023-09-21-07,transpose_multipass,23.113,43266,0.048,23.099,20.643,2.463,23.074,23.166
0.114.0,2023-09-21-07,validate,2.091,478196,0.014,2.094,12.278,0.156,2.076,2.103
0.114.0,2023-09-21-07,validate_index,2.081,480450,0.002,2.081,12.274,0.153,2.08,2.083
0.114.0,2023-09-21-07,validate_no_schema,0.584,1711189,0,0.584,0.525,0.058,0.584,0.584
0.114.0,2023-09-21-07,validate_no_schema_index,0.582,1719018,0.001,0.581,0.524,0.056,0.581,0.583
0.113.0,2023-09-17-22,apply_calcconv,1.578,633820,0.046,1.572,3.141,0.275,1.535,1.627
0.113.0,2023-09-17-22,apply_datefmt,1.6,624901,0.007,1.603,4.335,0.199,1.592,1.606
0.113.0,2023-09-17-22,apply_datefmt_multi,1.995,501242,0.012,1.99,8.71,0.218,1.987,2.009
0.113.0,2023-09-17-22,apply_dynfmt,1.644,608308,0.007,1.646,4.763,0.221,1.636,1.65
0.113.0,2023-09-17-22,apply_emptyreplace,1.408,710207,0,1.408,2.19,0.193,1.408,1.408
0.113.0,2023-09-17-22,apply_op_eudex,1.403,712892,0.004,1.403,1.721,0.327,1.399,1.406
0.113.0,2023-09-17-22,apply_op_similarity,1.394,717273,0.003,1.396,2.051,0.207,1.39,1.396
0.113.0,2023-09-17-22,apply_op_string,1.4,714281,0.008,1.402,2.188,0.175,1.391,1.407
0.113.0,2023-09-17-22,behead,0.933,1071659,0.007,0.932,0.863,0.069,0.927,0.94
0.113.0,2023-09-17-22,cat_columns,2.944,339679,0.006,2.944,2.802,0.14,2.938,2.95
0.113.0,2023-09-17-22,cat_rows,1.85,540535,0.006,1.853,1.721,0.129,1.843,1.854
0.113.0,2023-09-17-22,cat_rowskey,5.818,171879,1.007,5.258,5.089,0.187,5.216,6.98
0.113.0,2023-09-17-22,count,0.491,2034605,0,0.491,0.438,0.053,0.491,0.492
0.113.0,2023-09-17-22,count_index,0.011,90702379,0,0.011,0.009,0.001,0.011,0.011
0.113.0,2023-09-17-22,dedup,1.386,721365,0.003,1.385,3.182,0.15,1.384,1.39
0.113.0,2023-09-17-22,dedup_sorted,1.034,967391,0.007,1.033,0.954,0.125,1.027,1.041
0.113.0,2023-09-17-22,diff,3.113,321199,0.006,3.113,4.646,0.22,3.108,3.119
0.113.0,2023-09-17-22,enum,0.996,1004321,0.008,0.991,0.915,0.08,0.991,1.005
0.113.0,2023-09-17-22,excel,12.937,77297,0.07,12.938,12.532,0.402,12.866,13.007
0.113.0,2023-09-17-22,exclude,0.616,1624093,0.009,0.611,0.562,0.052,0.61,0.627
0.113.0,2023-09-17-22,exclude_index,0.606,1651366,0.001,0.605,0.556,0.049,0.605,0.607
0.113.0,2023-09-17-22,explode,1.681,594731,0.009,1.677,1.61,0.071,1.675,1.692
0.113.0,2023-09-17-22,extdedup,2.136,468083,0.803,1.711,1.324,0.167,1.636,3.062
0.113.0,2023-09-17-22,extsort,0.761,1314099,0.008,0.762,1.267,0.25,0.752,0.768
0.113.0,2023-09-17-22,fill,1.6,625091,0.004,1.599,1.534,0.065,1.596,1.604
0.113.0,2023-09-17-22,fixlengths,1.421,703921,0.003,1.419,1.312,0.108,1.419,1.424
0.113.0,2023-09-17-22,flatten,5.613,178143,0.038,5.635,5.526,0.086,5.57,5.635
0.113.0,2023-09-17-22,flatten_condensed,6.083,164388,0.072,6.044,5.991,0.09,6.039,6.166
0.113.0,2023-09-17-22,fmt,0.934,1070949,0.006,0.931,0.874,0.059,0.929,0.941
0.113.0,2023-09-17-22,frequency,2.656,376554,0.04,2.641,2.557,0.096,2.625,2.701
0.113.0,2023-09-17-22,frequency_index,1.046,955616,0.047,1.07,4.089,0.476,0.992,1.078
0.113.0,2023-09-17-22,frequency_j1,2.634,379584,0.006,2.632,2.537,0.095,2.63,2.642
0.113.0,2023-09-17-22,frequency_selregex,0.801,1248971,0.004,0.802,0.744,0.056,0.796,0.803
0.113.0,2023-09-17-22,geocode_reverse,3.497,285947,0.002,3.498,2.901,11.736,3.495,3.499
0.113.0,2023-09-17-22,geocode_suggest,4.119,242772,0.023,4.117,19.37,2.972,4.098,4.143
0.113.0,2023-09-17-22,index,0.51,1962355,0.004,0.511,0.455,0.053,0.505,0.513
0.113.0,2023-09-17-22,input,1.718,581994,0.02,1.724,1.65,0.067,1.696,1.735
0.113.0,2023-09-17-22,join,2.013,496665,0.01,2.008,1.388,0.625,2.007,2.025
0.113.0,2023-09-17-22,joinp,2.989,334508,0.012,2.994,6.079,0.659,2.976,2.999
0.113.0,2023-09-17-22,jsonl,8.397,119089,0.017,8.395,8.186,0.21,8.382,8.415
0.113.0,2023-09-17-22,luau,16.594,60262,0.011,16.599,15.891,0.702,16.581,16.602
0.113.0,2023-09-17-22,partition,1.095,913539,0.058,1.065,0.911,0.142,1.057,1.162
0.113.0,2023-09-17-22,pseudo,1.796,556891,0.004,1.797,1.719,0.075,1.791,1.799
0.113.0,2023-09-17-22,rename,1.074,930894,0.004,1.072,1.009,0.064,1.072,1.079
0.113.0,2023-09-17-22,replace,2.412,414677,0.017,2.41,2.336,0.074,2.396,2.429
0.113.0,2023-09-17-22,reverse,1.076,929117,0.004,1.079,0.946,0.127,1.071,1.079
0.113.0,2023-09-17-22,safenames,1.078,927719,0.016,1.069,1.005,0.072,1.068,1.097
0.113.0,2023-09-17-22,sample_10,0.57,1752876,0.003,0.57,0.517,0.053,0.568,0.573
0.113.0,2023-09-17-22,sample_1000,0.565,1769975,0.003,0.565,0.513,0.051,0.562,0.568
0.113.0,2023-09-17-22,sample_100000,0.704,1420041,0.003,0.705,0.645,0.058,0.701,0.706
0.113.0,2023-09-17-22,sample_100000_index,0.423,2364143,0.001,0.423,0.177,0.245,0.422,0.424
0.113.0,2023-09-17-22,sample_100000_seeded,0.711,1406886,0.004,0.708,0.649,0.06,0.708,0.716
0.113.0,2023-09-17-22,sample_100000_seeded_faster,0.696,1437040,0.006,0.694,0.638,0.057,0.69,0.703
0.113.0,2023-09-17-22,sample_100000_seeded_index,0.422,2368247,0.001,0.423,0.177,0.245,0.422,0.423
0.113.0,2023-09-17-22,sample_100000_seeded_index_faster,0.404,2472540,0,0.404,0.168,0.235,0.404,0.405
0.113.0,2023-09-17-22,sample_1000_index,0.028,36189719,0,0.027,0.022,0.005,0.027,0.028
0.113.0,2023-09-17-22,sample_10_index,0.023,43550336,0,0.023,0.021,0.002,0.023,0.023
0.113.0,2023-09-17-22,sample_25pct_index,1.019,981422,0.001,1.018,0.412,0.606,1.018,1.02
0.113.0,2023-09-17-22,sample_25pct_seeded_index,1.026,975070,0.009,1.021,0.411,0.613,1.019,1.036
0.113.0,2023-09-17-22,schema,5.833,171446,0.053,5.803,8.514,0.459,5.801,5.894
0.113.0,2023-09-17-22,schema_index,7.231,138290,0.051,7.241,12.918,0.926,7.176,7.276
0.113.0,2023-09-17-22,search,0.676,1479357,0.002,0.676,0.619,0.056,0.674,0.678
0.113.0,2023-09-17-22,search_unicode,0.676,1480179,0.003,0.677,0.618,0.056,0.673,0.677
0.113.0,2023-09-17-22,searchset,2.109,474154,0.011,2.105,1.992,0.115,2.101,2.121
0.113.0,2023-09-17-22,searchset_ignorecase,1.972,507089,0.009,1.97,1.854,0.117,1.964,1.982
0.113.0,2023-09-17-22,searchset_unicode,2.126,470448,0.002,2.125,2,0.123,2.124,2.128
0.113.0,2023-09-17-22,select,0.543,1842808,0.005,0.54,0.485,0.056,0.54,0.548
0.113.0,2023-09-17-22,select_regex,0.574,1741989,0.001,0.575,0.52,0.053,0.573,0.575
0.113.0,2023-09-17-22,slice_one_middle,0.282,3548239,0.001,0.282,0.254,0.027,0.281,0.283
0.113.0,2023-09-17-22,slice_one_middle_index,0.011,91320256,0,0.011,0.009,0.001,0.011,0.011
0.113.0,2023-09-17-22,snappy_compress,0.15,6677191,0.002,0.15,1.199,0.145,0.148,0.151
0.113.0,2023-09-17-22,snappy_decompress,0.53,1888200,0.002,0.53,0.497,0.032,0.528,0.531
0.113.0,2023-09-17-22,snappy_validate,0.51,1960529,0.001,0.511,0.48,0.029,0.509,0.511
0.113.0,2023-09-17-22,sort,1.391,718868,0.002,1.392,2.94,0.155,1.389,1.392
0.113.0,2023-09-17-22,sort_random_seeded,1.259,794148,0.024,1.248,1.128,0.128,1.242,1.287
0.113.0,2023-09-17-22,sortcheck_sorted,0.534,1872682,0.001,0.535,0.482,0.051,0.532,0.535
0.113.0,2023-09-17-22,sortcheck_unsorted,0.011,88087093,0,0.011,0.01,0.001,0.011,0.011
0.113.0,2023-09-17-22,sortcheck_unsorted_all,0.572,1748842,0.002,0.573,0.518,0.052,0.569,0.574
0.113.0,2023-09-17-22,split,1.027,973356,0.015,1.026,0.894,0.128,1.013,1.043
0.113.0,2023-09-17-22,split_index,0.251,3987970,0.081,0.262,1.112,0.284,0.165,0.325
0.113.0,2023-09-17-22,split_index_j1,1.036,965159,0.01,1.038,0.908,0.123,1.025,1.045
0.113.0,2023-09-17-22,sqlp,2.6,384623,0.007,2.598,3.469,0.45,2.594,2.608
0.113.0,2023-09-17-22,sqlp_format_arrow,2.617,382098,0.02,2.609,3.47,0.442,2.602,2.64
0.113.0,2023-09-17-22,sqlp_format_json,2.627,380723,0.009,2.623,3.424,0.435,2.62,2.637
0.113.0,2023-09-17-22,sqlp_format_parquet,2.631,380026,0.008,2.627,3.463,0.457,2.626,2.641
0.113.0,2023-09-17-22,sqlp_format_parquet_statistics,2.628,380543,0.001,2.628,3.468,0.451,2.626,2.629
0.113.0,2023-09-17-22,sqlp_lowmemory,2.608,383474,0.004,2.607,3.387,0.211,2.605,2.612
0.113.0,2023-09-17-22,sqlp_nooptimizations,2.796,357683,0.133,2.779,3.668,0.471,2.671,2.937
0.113.0,2023-09-17-22,sqlp_tryparsedates,67.246,14870,0.558,67.369,67.965,0.641,66.637,67.732
0.113.0,2023-09-17-22,sqlp_tryparsedates_inferlen,0.877,1140537,0.003,0.876,1.886,0.44,0.874,0.881
0.113.0,2023-09-17-22,stats,2.056,486338,0.004,2.058,1.928,0.13,2.052,2.059
0.113.0,2023-09-17-22,stats_everything,5.345,187083,0.05,5.365,12.022,0.706,5.288,5.382
0.113.0,2023-09-17-22,stats_everything_index,3.21,311539,0.09,3.204,12.006,0.895,3.123,3.302
0.113.0,2023-09-17-22,stats_everything_index_j1,7.922,126228,0.015,7.923,7.903,0.472,7.907,7.936
0.113.0,2023-09-17-22,stats_everything_infer_dates,10.477,95445,1.484,9.629,16.579,0.885,9.612,12.191
0.113.0,2023-09-17-22,stats_everything_infer_dates_index,3.795,263510,0.051,3.793,19.068,0.926,3.745,3.846
0.113.0,2023-09-17-22,stats_everything_j1,8.742,114386,0.332,8.795,8.64,0.554,8.387,9.045
0.113.0,2023-09-17-22,stats_index,0.201,4965658,0.006,0.2,1.953,0.116,0.195,0.208
0.113.0,2023-09-17-22,stats_index_j1,1.555,643059,0.011,1.55,1.496,0.058,1.547,1.568
0.113.0,2023-09-17-22,table,7.144,139979,0.006,7.147,6.161,0.976,7.137,7.147
0.113.0,2023-09-17-22,to_datapackage,0.726,1376913,0.005,0.728,2.082,0.318,0.72,0.731
0.113.0,2023-09-17-22,to_parquet,16.515,60549,1.67,15.794,16.948,0.688,15.328,18.425
0.113.0,2023-09-17-22,to_sqlite,0.839,1191744,0.012,0.841,2.171,0.603,0.827,0.85
0.113.0,2023-09-17-22,to_xlsx,34.057,29362,1.045,33.671,31.468,3.574,33.261,35.24
0.113.0,2023-09-17-22,tojsonl,12.998,76933,0.071,12.997,15.469,0.649,12.928,13.07
0.113.0,2023-09-17-22,tojsonl_index,12.407,80599,0.116,12.428,18.132,0.973,12.282,12.511
0.113.0,2023-09-17-22,transpose,2.657,376411,0.012,2.651,2.43,0.22,2.649,2.67
0.113.0,2023-09-17-22,transpose_multipass,23.359,42810,1.428,22.614,20.282,2.424,22.457,25.006
0.113.0,2023-09-17-22,validate,2.009,497653,0.004,2.009,12.026,0.119,2.006,2.013
0.113.0,2023-09-17-22,validate_index,2.037,490947,0.001,2.037,12.053,0.122,2.036,2.037
0.113.0,2023-09-17-22,validate_no_schema,0.564,1772113,0.003,0.563,0.512,0.051,0.562,0.568
0.113.0,2023-09-17-22,validate_no_schema_index,0.563,1775062,0.002,0.563,0.513,0.049,0.562,0.565
0.113.0,2023-09-16-14,apply_calcconv,1.538,650085,0.009,1.54,3.332,0.231,1.528,1.546
0.113.0,2023-09-16-14,apply_datefmt,1.605,623079,0.002,1.605,4.374,0.191,1.603,1.607
0.113.0,2023-09-16-14,apply_datefmt_multi,1.993,501663,0.015,1.986,8.74,0.208,1.983,2.01
0.113.0,2023-09-16-14,apply_dynfmt,1.649,606497,0.002,1.65,4.804,0.214,1.647,1.65
0.113.0,2023-09-16-14,apply_emptyreplace,1.411,708931,0.001,1.411,2.192,0.186,1.41,1.411
0.113.0,2023-09-16-14,apply_op_eudex,1.403,712748,0.005,1.405,1.745,0.318,1.397,1.407
0.113.0,2023-09-16-14,apply_op_similarity,1.424,702464,0.002,1.424,2.077,0.228,1.421,1.425
0.113.0,2023-09-16-14,apply_op_string,1.413,707799,0.006,1.41,2.21,0.187,1.409,1.419
0.113.0,2023-09-16-14,behead,0.965,1036684,0.01,0.969,0.885,0.079,0.953,0.971
0.113.0,2023-09-16-14,cat_columns,3.031,329890,0.001,3.031,2.868,0.162,3.031,3.032
0.113.0,2023-09-16-14,cat_rows,1.907,524453,0.005,1.904,1.754,0.152,1.904,1.912
0.113.0,2023-09-16-14,cat_rowskey,5.332,187532,0.031,5.334,5.183,0.148,5.3,5.363
0.113.0,2023-09-16-14,count,0.502,1990199,0.002,0.501,0.448,0.054,0.501,0.505
0.113.0,2023-09-16-14,count_index,0.011,88633252,0,0.011,0.01,0.001,0.011,0.011
0.113.0,2023-09-16-14,dedup,1.431,698873,0.029,1.437,3.248,0.159,1.399,1.457
0.113.0,2023-09-16-14,dedup_sorted,1.056,946941,0.003,1.056,0.974,0.132,1.053,1.06
0.113.0,2023-09-16-14,diff,3.152,317237,0.018,3.159,4.72,0.227,3.132,3.166
0.113.0,2023-09-16-14,enum,0.999,1001033,0.005,0.998,0.922,0.075,0.995,1.004
0.113.0,2023-09-16-14,excel,13.052,76615,0.06,13.025,12.549,0.499,13.01,13.121
0.113.0,2023-09-16-14,exclude,0.635,1573944,0.004,0.636,0.574,0.06,0.631,0.639
0.113.0,2023-09-16-14,exclude_index,0.627,1594977,0,0.627,0.573,0.053,0.627,0.627
0.113.0,2023-09-16-14,explode,1.703,587088,0.003,1.705,1.61,0.093,1.699,1.706
0.113.0,2023-09-16-14,extdedup,1.11,900957,0.016,1.104,0.998,0.108,1.098,1.128
0.113.0,2023-09-16-14,extsort,0.753,1327743,0.006,0.752,1.285,0.258,0.747,0.76
0.113.0,2023-09-16-14,fill,1.664,600856,0.003,1.663,1.577,0.086,1.662,1.667
0.113.0,2023-09-16-14,fixlengths,1.471,679953,0.009,1.467,1.35,0.119,1.464,1.481
0.113.0,2023-09-16-14,flatten,5.756,173718,0.014,5.759,5.667,0.087,5.741,5.769
0.113.0,2023-09-16-14,flatten_condensed,6.163,162269,0.015,6.164,6.052,0.109,6.147,6.176
0.113.0,2023-09-16-14,fmt,0.955,1047226,0.012,0.949,0.879,0.075,0.947,0.969
0.113.0,2023-09-16-14,frequency,2.602,384308,0.013,2.596,2.498,0.101,2.594,2.617
0.113.0,2023-09-16-14,frequency_index,1.053,949704,0.051,1.04,4.129,0.505,1.01,1.109
0.113.0,2023-09-16-14,frequency_j1,3.492,286393,1.438,2.688,2.827,0.119,2.635,5.152
0.113.0,2023-09-16-14,frequency_selregex,0.816,1225562,0,0.816,0.759,0.056,0.815,0.816
0.113.0,2023-09-16-14,geocode_reverse,3.511,284835,0.009,3.511,2.902,11.98,3.502,3.52
0.113.0,2023-09-16-14,geocode_suggest,4.147,241154,0.063,4.115,19.664,3.111,4.106,4.22
0.113.0,2023-09-16-14,index,0.506,1974916,0.001,0.506,0.45,0.055,0.506,0.508
0.113.0,2023-09-16-14,input,1.897,527108,0.322,1.716,1.638,0.091,1.706,2.269
0.113.0,2023-09-16-14,join,1.988,503093,0.004,1.986,1.374,0.613,1.985,1.993
0.113.0,2023-09-16-14,joinp,2.954,338568,0.01,2.957,6.081,0.671,2.942,2.961
0.113.0,2023-09-16-14,jsonl,9.023,110826,1.082,8.423,8.157,0.274,8.375,10.272
0.113.0,2023-09-16-14,luau,17.182,58200,1.15,16.558,15.822,0.731,16.479,18.509
0.113.0,2023-09-16-14,partition,1.108,902758,0.044,1.117,0.932,0.134,1.059,1.147
0.113.0,2023-09-16-14,pseudo,1.784,560646,0.005,1.783,1.706,0.076,1.779,1.789
0.113.0,2023-09-16-14,rename,1.078,927990,0,1.078,0.998,0.079,1.077,1.078
0.113.0,2023-09-16-14,replace,2.406,415586,0.013,2.403,2.318,0.087,2.395,2.42
0.113.0,2023-09-16-14,reverse,1.075,930319,0.011,1.068,0.939,0.131,1.068,1.088
0.113.0,2023-09-16-14,safenames,1.077,928556,0.001,1.077,0.998,0.078,1.076,1.078
0.113.0,2023-09-16-14,sample_10,0.573,1745854,0.006,0.57,0.515,0.057,0.569,0.58
0.113.0,2023-09-16-14,sample_1000,0.644,1553959,0.003,0.642,0.517,0.124,0.641,0.647
0.113.0,2023-09-16-14,sample_100000,0.722,1384692,0.023,0.729,0.664,0.057,0.697,0.741
0.113.0,2023-09-16-14,sample_100000_index,0.442,2261916,0.006,0.439,0.182,0.259,0.439,0.449
0.113.0,2023-09-16-14,sample_100000_seeded,0.698,1433183,0.001,0.698,0.64,0.056,0.697,0.699
0.113.0,2023-09-16-14,sample_100000_seeded_faster,0.689,1452096,0.002,0.688,0.629,0.058,0.687,0.691
0.113.0,2023-09-16-14,sample_100000_seeded_index,0.439,2280462,0,0.439,0.181,0.256,0.438,0.439
0.113.0,2023-09-16-14,sample_100000_seeded_index_faster,0.419,2384045,0.001,0.419,0.172,0.246,0.419,0.42
0.113.0,2023-09-16-14,sample_1000_index,0.028,35225018,0,0.028,0.023,0.005,0.028,0.029
0.113.0,2023-09-16-14,sample_10_index,0.024,42390817,0,0.024,0.021,0.002,0.024,0.024
0.113.0,2023-09-16-14,sample_25pct_index,1.06,943359,0.004,1.058,0.423,0.636,1.057,1.065
0.113.0,2023-09-16-14,sample_25pct_seeded_index,1.063,940335,0.011,1.057,0.422,0.64,1.056,1.077
0.113.0,2023-09-16-14,schema,6.496,153949,1.235,5.787,8.897,0.523,5.778,7.922
0.113.0,2023-09-16-14,schema_index,7.495,133423,0.049,7.523,13.165,0.992,7.438,7.524
0.113.0,2023-09-16-14,search,0.682,1465492,0.015,0.674,0.615,0.066,0.673,0.7
0.113.0,2023-09-16-14,search_unicode,0.669,1494133,0.001,0.67,0.613,0.055,0.669,0.67
0.113.0,2023-09-16-14,searchset,2.106,474805,0.013,2.105,1.986,0.119,2.093,2.12
0.113.0,2023-09-16-14,searchset_ignorecase,1.975,506278,0.011,1.973,1.844,0.131,1.966,1.987
0.113.0,2023-09-16-14,searchset_unicode,2.11,474031,0.007,2.109,1.98,0.129,2.102,2.117
0.113.0,2023-09-16-14,select,0.537,1863608,0.001,0.536,0.482,0.054,0.536,0.537
0.113.0,2023-09-16-14,select_regex,0.571,1751059,0.001,0.571,0.517,0.053,0.571,0.572
0.113.0,2023-09-16-14,slice_one_middle,0.281,3564671,0.001,0.281,0.252,0.027,0.28,0.281
0.113.0,2023-09-16-14,slice_one_middle_index,0.011,88128825,0,0.011,0.01,0.001,0.011,0.011
0.113.0,2023-09-16-14,snappy_compress,0.149,6690297,0.005,0.147,1.182,0.142,0.146,0.155
0.113.0,2023-09-16-14,snappy_decompress,0.56,1786804,0.024,0.555,0.509,0.044,0.538,0.586
0.113.0,2023-09-16-14,snappy_validate,0.559,1789061,0.01,0.562,0.523,0.033,0.547,0.568
0.113.0,2023-09-16-14,sort,1.444,692440,0.037,1.453,2.969,0.174,1.403,1.477
0.113.0,2023-09-16-14,sort_random_seeded,1.255,796530,0.007,1.252,1.115,0.133,1.251,1.264
0.113.0,2023-09-16-14,sortcheck_sorted,0.532,1879078,0.001,0.532,0.478,0.053,0.532,0.533
0.113.0,2023-09-16-14,sortcheck_unsorted,0.011,87634628,0,0.011,0.01,0.001,0.011,0.012
0.113.0,2023-09-16-14,sortcheck_unsorted_all,0.596,1677188,0.029,0.594,0.538,0.057,0.569,0.626
0.113.0,2023-09-16-14,split,1.013,987528,0.014,1.014,0.883,0.122,0.998,1.026
0.113.0,2023-09-16-14,split_index,0.227,4406077,0.117,0.16,1.093,0.279,0.159,0.363
0.113.0,2023-09-16-14,split_index_j1,1.056,946967,0.007,1.053,0.932,0.117,1.05,1.064
0.113.0,2023-09-16-14,sqlp,2.61,383098,0.033,2.602,3.483,0.447,2.583,2.646
0.113.0,2023-09-16-14,sqlp_format_arrow,2.595,385294,0.006,2.594,3.454,0.449,2.59,2.602
0.113.0,2023-09-16-14,sqlp_format_json,2.597,385117,0.007,2.6,3.462,0.46,2.589,2.601
0.113.0,2023-09-16-14,sqlp_format_parquet,2.626,380824,0.026,2.615,3.47,0.481,2.607,2.656
0.113.0,2023-09-16-14,sqlp_format_parquet_statistics,2.62,381750,0.012,2.617,3.473,0.491,2.61,2.632
0.113.0,2023-09-16-14,sqlp_lowmemory,2.597,385130,0.011,2.595,3.398,0.221,2.587,2.608
0.113.0,2023-09-16-14,sqlp_nooptimizations,2.593,385611,0.01,2.59,3.473,0.452,2.585,2.605
0.113.0,2023-09-16-14,sqlp_tryparsedates,66.577,15020,1.187,65.99,68.335,0.765,65.798,67.944
0.113.0,2023-09-16-14,sqlp_tryparsedates_inferlen,0.921,1086021,0.014,0.917,1.902,0.417,0.91,0.936
0.113.0,2023-09-16-14,stats,2.107,474700,0.003,2.107,1.98,0.128,2.104,2.109
0.113.0,2023-09-16-14,stats_everything,5.403,185071,0.074,5.362,12.176,0.674,5.359,5.489
0.113.0,2023-09-16-14,stats_everything_index,3.715,269211,0.709,3.413,13.051,1.146,3.206,4.524
0.113.0,2023-09-16-14,stats_everything_index_j1,8.428,118649,0.493,8.155,8.384,0.492,8.132,8.997
0.113.0,2023-09-16-14,stats_everything_infer_dates,9.738,102687,0.106,9.719,16.671,0.801,9.643,9.853
0.113.0,2023-09-16-14,stats_everything_infer_dates_index,3.817,262019,0.049,3.796,19.262,0.978,3.781,3.873
0.113.0,2023-09-16-14,stats_everything_j1,9.228,108360,0.332,9.135,9.019,0.654,8.954,9.597
0.113.0,2023-09-16-14,stats_index,0.196,5093998,0.002,0.195,1.964,0.118,0.195,0.199
0.113.0,2023-09-16-14,stats_index_j1,1.6,624924,0.007,1.597,1.538,0.061,1.595,1.608
0.113.0,2023-09-16-14,table,8.16,122552,1.391,7.367,6.551,1.043,7.346,9.766
0.113.0,2023-09-16-14,to_datapackage,0.727,1375250,0.007,0.729,2.142,0.317,0.719,0.733
0.113.0,2023-09-16-14,to_parquet,16.475,60699,1.372,15.688,17.019,0.64,15.678,18.058
0.113.0,2023-09-16-14,to_sqlite,0.723,1384036,0.005,0.725,2.158,0.318,0.717,0.726
0.113.0,2023-09-16-14,to_xlsx,35.253,28366,1.112,35.834,32.272,3.5,33.971,35.955
0.113.0,2023-09-16-14,tojsonl,14.321,69828,1.636,13.433,16.448,0.723,13.321,16.209
0.113.0,2023-09-16-14,tojsonl_index,12.638,79126,0.177,12.667,18.461,1.11,12.448,12.799
0.113.0,2023-09-16-14,transpose,3.093,323284,0.071,3.104,2.681,0.29,3.017,3.158
0.113.0,2023-09-16-14,transpose_multipass,23.809,42000,1.464,22.981,20.736,2.431,22.947,25.5
0.113.0,2023-09-16-14,validate,2.099,476521,0.108,2.039,12.141,0.154,2.033,2.224
0.113.0,2023-09-16-14,validate_index,2.063,484675,0.002,2.064,12.101,0.156,2.06,2.065
0.113.0,2023-09-16-14,validate_no_schema,0.585,1709099,0.006,0.582,0.527,0.057,0.582,0.592
0.113.0,2023-09-16-14,validate_no_schema_index,0.589,1697999,0.001,0.589,0.529,0.058,0.588,0.59
0.113.0,2023-09-16-11,apply_calcconv,1.478,676810,0.005,1.475,3.218,0.211,1.474,1.484
0.113.0,2023-09-16-11,apply_datefmt,1.576,634595,0.025,1.563,4.278,0.181,1.559,1.605
0.113.0,2023-09-16-11,apply_datefmt_multi,1.953,512109,0.007,1.956,8.592,0.18,1.945,1.957
0.113.0,2023-09-16-11,apply_dynfmt,1.606,622755,0.001,1.605,4.6,0.2,1.605,1.607
0.113.0,2023-09-16-11,apply_emptyreplace,1.381,724119,0.002,1.38,2.147,0.169,1.38,1.383
0.113.0,2023-09-16-11,apply_op_eudex,1.701,587961,0.55,1.391,1.83,0.373,1.375,2.336
0.113.0,2023-09-16-11,apply_op_similarity,1.367,731587,0.003,1.366,2.024,0.2,1.365,1.37
0.113.0,2023-09-16-11,apply_op_string,1.359,736050,0.002,1.359,2.138,0.17,1.356,1.361
0.113.0,2023-09-16-11,behead,0.925,1080519,0.011,0.92,0.856,0.069,0.918,0.938
0.113.0,2023-09-16-11,cat_columns,2.93,341241,0.005,2.931,2.779,0.15,2.926,2.935
0.113.0,2023-09-16-11,cat_rows,1.842,542788,0.027,1.828,1.708,0.134,1.825,1.874
0.113.0,2023-09-16-11,cat_rowskey,5.228,191261,0.058,5.197,5.055,0.172,5.193,5.295
0.113.0,2023-09-16-11,count,0.491,2038209,0.001,0.49,0.438,0.052,0.49,0.492
0.113.0,2023-09-16-11,count_index,0.012,86207970,0,0.012,0.01,0.001,0.011,0.012
0.113.0,2023-09-16-11,dedup,1.389,719792,0.004,1.39,3.161,0.153,1.385,1.393
0.113.0,2023-09-16-11,dedup_sorted,1.029,971773,0.001,1.029,0.949,0.126,1.028,1.03
0.113.0,2023-09-16-11,diff,3.491,286439,0.676,3.105,4.83,0.232,3.097,4.271
0.113.0,2023-09-16-11,enum,0.962,1039863,0,0.962,0.89,0.071,0.961,0.962
0.113.0,2023-09-16-11,excel,13.404,74603,1.142,12.854,12.352,0.417,12.641,14.717
0.113.0,2023-09-16-11,exclude,0.611,1636779,0,0.611,0.56,0.05,0.611,0.611
0.113.0,2023-09-16-11,exclude_index,0.637,1569044,0.002,0.638,0.58,0.057,0.635,0.639
0.113.0,2023-09-16-11,explode,1.626,614920,0.001,1.626,1.563,0.063,1.625,1.628
0.113.0,2023-09-16-11,extdedup,1.082,923998,0.004,1.083,0.986,0.093,1.078,1.086
0.113.0,2023-09-16-11,extsort,0.751,1331210,0.002,0.751,1.272,0.253,0.75,0.753
0.113.0,2023-09-16-11,fill,1.658,603069,0.013,1.651,1.572,0.086,1.65,1.673
0.113.0,2023-09-16-11,fixlengths,1.431,698936,0.006,1.43,1.312,0.118,1.425,1.437
0.113.0,2023-09-16-11,flatten,5.757,173700,0.001,5.757,5.647,0.109,5.756,5.758
0.113.0,2023-09-16-11,flatten_condensed,6.161,162316,0.01,6.156,6.051,0.109,6.154,6.172
0.113.0,2023-09-16-11,fmt,0.958,1044144,0.016,0.949,0.882,0.075,0.948,0.976
0.113.0,2023-09-16-11,frequency,2.621,381560,0.008,2.622,2.517,0.102,2.612,2.629
0.113.0,2023-09-16-11,frequency_index,1.073,932158,0.081,1.117,4.241,0.506,0.979,1.123
0.113.0,2023-09-16-11,frequency_j1,2.637,379164,0.016,2.64,2.532,0.103,2.62,2.652
0.113.0,2023-09-16-11,frequency_selregex,0.813,1230545,0.001,0.813,0.756,0.055,0.812,0.813
0.113.0,2023-09-16-11,geocode_reverse,4.337,230591,1.427,3.542,3.262,13.438,3.484,5.984
0.113.0,2023-09-16-11,geocode_suggest,4.113,243117,0.021,4.11,19.563,3.05,4.094,4.136
0.113.0,2023-09-16-11,index,0.556,1799377,0.029,0.566,0.49,0.064,0.523,0.579
0.113.0,2023-09-16-11,input,1.673,597810,0.026,1.666,1.602,0.069,1.651,1.702
0.113.0,2023-09-16-11,join,1.979,505242,0.012,1.982,1.37,0.608,1.966,1.99
0.113.0,2023-09-16-11,joinp,2.972,336433,0.014,2.969,6.054,0.639,2.96,2.988
0.113.0,2023-09-16-11,jsonl,8.38,119332,0.032,8.377,8.131,0.246,8.349,8.414
0.113.0,2023-09-16-11,luau,16.6,60240,0.022,16.588,15.847,0.752,16.587,16.625
0.113.0,2023-09-16-11,partition,1.08,925886,0.05,1.082,0.888,0.129,1.029,1.129
0.113.0,2023-09-16-11,pseudo,1.797,556481,0.012,1.795,1.715,0.08,1.786,1.81
0.113.0,2023-09-16-11,rename,1.073,931612,0.01,1.07,1.002,0.07,1.065,1.085
0.113.0,2023-09-16-11,replace,2.402,416296,0.011,2.405,2.323,0.078,2.39,2.411
0.113.0,2023-09-16-11,reverse,1.08,925586,0.018,1.075,0.924,0.153,1.065,1.101
0.113.0,2023-09-16-11,safenames,1.069,935318,0,1.069,0.997,0.071,1.069,1.07
0.113.0,2023-09-16-11,sample_10,0.563,1776743,0.01,0.558,0.506,0.056,0.556,0.574
0.113.0,2023-09-16-11,sample_1000,0.556,1797673,0.007,0.556,0.505,0.05,0.549,0.563
0.113.0,2023-09-16-11,sample_100000,0.683,1463700,0.006,0.681,0.625,0.057,0.679,0.69
0.113.0,2023-09-16-11,sample_100000_index,0.441,2268999,0,0.441,0.182,0.257,0.44,0.441
0.113.0,2023-09-16-11,sample_100000_seeded,0.685,1459081,0.005,0.688,0.628,0.055,0.68,0.688
0.113.0,2023-09-16-11,sample_100000_seeded_faster,0.676,1478867,0.001,0.676,0.618,0.057,0.675,0.677
0.113.0,2023-09-16-11,sample_100000_seeded_index,0.442,2260716,0.007,0.442,0.18,0.261,0.436,0.449
0.113.0,2023-09-16-11,sample_100000_seeded_index_faster,0.419,2385230,0.002,0.419,0.171,0.247,0.418,0.421
0.113.0,2023-09-16-11,sample_1000_index,0.029,34958222,0,0.029,0.023,0.005,0.028,0.029
0.113.0,2023-09-16-11,sample_10_index,0.024,40980381,0,0.024,0.021,0.002,0.024,0.025
0.113.0,2023-09-16-11,sample_25pct_index,1.063,940976,0.008,1.06,0.42,0.641,1.056,1.072
0.113.0,2023-09-16-11,sample_25pct_seeded_index,1.069,935665,0.009,1.071,0.424,0.644,1.059,1.077
0.113.0,2023-09-16-11,schema,5.783,172911,0.092,5.734,8.438,0.469,5.726,5.889
0.113.0,2023-09-16-11,schema_index,7.906,126486,0.121,7.908,13.925,1.087,7.784,8.026
0.113.0,2023-09-16-11,search,0.666,1502080,0.002,0.665,0.612,0.053,0.664,0.668
0.113.0,2023-09-16-11,search_unicode,0.666,1501297,0.002,0.666,0.612,0.053,0.664,0.669
0.113.0,2023-09-16-11,searchset,2.097,476856,0.002,2.097,1.981,0.115,2.096,2.099
0.113.0,2023-09-16-11,searchset_ignorecase,1.952,512409,0.006,1.948,1.83,0.12,1.948,1.959
0.113.0,2023-09-16-11,searchset_unicode,2.1,476132,0.008,2.1,1.98,0.119,2.093,2.108
0.113.0,2023-09-16-11,select,0.528,1894176,0.006,0.528,0.473,0.054,0.522,0.534
0.113.0,2023-09-16-11,select_regex,0.57,1754272,0.002,0.571,0.514,0.055,0.568,0.571
0.113.0,2023-09-16-11,slice_one_middle,0.279,3583875,0.001,0.279,0.251,0.027,0.278,0.28
0.113.0,2023-09-16-11,slice_one_middle_index,0.012,85693688,0,0.012,0.01,0.001,0.012,0.012
0.113.0,2023-09-16-11,snappy_compress,0.159,6303199,0.008,0.157,1.187,0.157,0.152,0.167
0.113.0,2023-09-16-11,snappy_decompress,0.522,1916906,0.006,0.522,0.488,0.033,0.516,0.528
0.113.0,2023-09-16-11,snappy_validate,0.508,1968837,0.009,0.507,0.472,0.035,0.499,0.517
0.113.0,2023-09-16-11,sort,1.363,733442,0.007,1.363,2.923,0.151,1.357,1.37
0.113.0,2023-09-16-11,sort_random_seeded,1.24,806475,0.017,1.237,1.107,0.127,1.225,1.258
0.113.0,2023-09-16-11,sortcheck_sorted,0.534,1870971,0.002,0.534,0.48,0.054,0.533,0.537
0.113.0,2023-09-16-11,sortcheck_unsorted,0.011,90148894,0,0.011,0.01,0.001,0.011,0.011
0.113.0,2023-09-16-11,sortcheck_unsorted_all,0.567,1763393,0.001,0.567,0.513,0.053,0.566,0.568
0.113.0,2023-09-16-11,split,1.004,996255,0.019,0.994,0.864,0.123,0.991,1.026
0.113.0,2023-09-16-11,split_index,0.175,5706216,0.026,0.161,1.074,0.268,0.159,0.205
0.113.0,2023-09-16-11,split_index_j1,1.057,945887,0.001,1.057,0.94,0.115,1.056,1.058
0.113.0,2023-09-16-11,sqlp,2.599,384733,0.006,2.599,3.478,0.463,2.594,2.605
0.113.0,2023-09-16-11,sqlp_format_arrow,2.607,383619,0.024,2.6,3.47,0.477,2.587,2.633
0.113.0,2023-09-16-11,sqlp_format_json,2.599,384782,0.012,2.597,3.454,0.45,2.588,2.611
0.113.0,2023-09-16-11,sqlp_format_parquet,2.616,382317,0.008,2.62,3.47,0.464,2.607,2.62
0.113.0,2023-09-16-11,sqlp_format_parquet_statistics,2.619,381869,0.009,2.621,3.46,0.466,2.608,2.627
0.113.0,2023-09-16-11,sqlp_lowmemory,2.605,383862,0.005,2.606,3.402,0.225,2.6,2.61
0.113.0,2023-09-16-11,sqlp_nooptimizations,2.601,384539,0.006,2.602,3.473,0.455,2.594,2.606
0.113.0,2023-09-16-11,sqlp_tryparsedates,66.198,15106,0.87,66.568,67.513,0.693,65.204,66.822
0.113.0,2023-09-16-11,sqlp_tryparsedates_inferlen,0.901,1109803,0.001,0.901,1.902,0.419,0.9,0.903
0.113.0,2023-09-16-11,stats,2.094,477629,0.017,2.101,1.957,0.138,2.074,2.105
0.113.0,2023-09-16-11,stats_everything,5.486,182288,0.065,5.517,11.971,0.758,5.411,5.529
0.113.0,2023-09-16-11,stats_everything_index,3.248,307898,0.096,3.302,12.235,0.94,3.137,3.304
0.113.0,2023-09-16-11,stats_everything_index_j1,8.369,119483,0.215,8.308,8.28,0.497,8.192,8.608
0.113.0,2023-09-16-11,stats_everything_infer_dates,9.703,103058,0.065,9.687,16.543,0.895,9.648,9.775
0.113.0,2023-09-16-11,stats_everything_infer_dates_index,3.892,256931,0.11,3.926,19.281,0.911,3.769,3.98
0.113.0,2023-09-16-11,stats_everything_j1,8.802,113608,0.17,8.732,8.606,0.645,8.679,8.996
0.113.0,2023-09-16-11,stats_index,0.21,4767306,0.009,0.204,1.94,0.118,0.204,0.221
0.113.0,2023-09-16-11,stats_index_j1,1.607,622173,0.006,1.604,1.548,0.058,1.603,1.615
0.113.0,2023-09-16-11,table,7.405,135048,0.027,7.398,6.327,1.07,7.382,7.434
0.113.0,2023-09-16-11,to_datapackage,0.739,1353775,0.005,0.738,2.133,0.323,0.734,0.743
0.113.0,2023-09-16-11,to_parquet,15.826,63185,0.02,15.82,16.817,0.697,15.811,15.849
0.113.0,2023-09-16-11,to_sqlite,0.732,1365354,0.003,0.733,2.145,0.322,0.729,0.735
0.113.0,2023-09-16-11,to_xlsx,33.802,29584,0.02,33.809,31.853,3.602,33.779,33.818
0.113.0,2023-09-16-11,tojsonl,14.116,70844,0.095,14.096,17.206,0.85,14.031,14.219
0.113.0,2023-09-16-11,tojsonl_index,12.777,78265,0.159,12.85,18.69,1.159,12.595,12.886
0.113.0,2023-09-16-11,transpose,2.698,370668,0.01,2.693,2.444,0.247,2.691,2.71
0.113.0,2023-09-16-11,transpose_multipass,23.224,43058,0.085,23.198,20.758,2.449,23.156,23.319
0.113.0,2023-09-16-11,validate,0.582,1717558,0.001,0.582,0.523,0.058,0.581,0.584
0.113.0,2023-09-16-11,validate_index,0.593,1686502,0.004,0.591,0.532,0.06,0.591,0.598
0.113.0,2023-09-16-11,validate_no_schema,0.582,1718888,0.001,0.581,0.524,0.057,0.581,0.583
0.113.0,2023-09-16-11,validate_no_schema_index,0.59,1696203,0.002,0.59,0.531,0.057,0.587,0.591
